OBJECTID,County,Contae,Local_Government_Area,Limistéar_Rialtas_Áitiúil,Classification,Cineál,Gaeltacht,Town_Classification,ID,English_Name,Irish_Name,Foirm_Ghinideach,Alternative_Name,IG_E,IG_N,ITM_E,ITM_N,Irish_Validation,Legislation,Validated_By,Date_,Comment_
1,CARLOW,Ceatharlach,CARLOW,,By,Bar,N,,19001,CARLOW,Ceatharlach,,,275285,174021,675219,674061,,,Fiontar,,
2,CARLOW,Ceatharlach,CARLOW,,By,Bar,N,,19002,FORTH,Fotharta,,,283588,165094,683520,665135,,,Fiontar,,
3,CARLOW,Ceatharlach,CARLOW,,By,Bar,N,,19003,IDRONE EAST,Uí Dhróna Thoir,,,272804,157527,672739,657570,,,Fiontar,,
4,CARLOW,Ceatharlach,CARLOW,,By,Bar,N,,19004,IDRONE WEST,Uí Dhróna Thiar,,,263886,166190,663823,666231,,,Fiontar,,
5,CARLOW,Ceatharlach,CARLOW,,By,Bar,N,,19005,RATHVILLY,,,,288272,179733,688203,679771,,,,,
6,CARLOW,Ceatharlach,CARLOW,,By,Bar,N,,19006,St. MULLIN'S LOWER,Tigh Moling Íochtarach,,,274182,143254,674116,643300,,,Fiontar,,
7,CARLOW,Ceatharlach,CARLOW,,By,Bar,N,,19007,St. MULLIN'S UPPER,Tigh Moling Uachtarach,,,289834,162714,689765,662756,,,Fiontar,,
8,CARLOW,Ceatharlach,CARLOW,,By,Bar,N,,19008,SLIEVEMARGY,Sliabh Mairge,,,271326,176822,671261,676861,,,Fiontar,,
9,CAVAN,An Cabhán,CAVAN,,By,Bar,N,,29001,CASTLERAHAN,Caisleán Raithin,,,257144,288192,657083,788207,,,Fiontar,,
10,CAVAN,An Cabhán,CAVAN,,By,Bar,N,,29002,CLANKEE,Clann Chaoich,,,265484,300260,665421,800272,,,Fiontar,,
11,CAVAN,An Cabhán,CAVAN,,By,Bar,N,,29003,CLANMAHON,Clann Mhathúna,,,235902,291298,635845,791312,,,Fiontar,,
12,CAVAN,An Cabhán,CAVAN,,By,Bar,N,,29004,LOUGHTEE LOWER,Lucht Tí Íochtarach,,,231485,316501,631429,816510,,,Fiontar,,
13,CAVAN,An Cabhán,CAVAN,,By,Bar,N,,29005,TULLYGARVEY,Teallach Ghairbhíth,,,251899,310904,651839,810914,,,Fiontar,,
14,CAVAN,An Cabhán,CAVAN,,By,Bar,N,,29006,TULLYHAW,Teallach Eathach,,,210517,323109,610466,823117,,,Fiontar,,
15,CAVAN,An Cabhán,CAVAN,,By,Bar,N,,29007,LOUGHTEE UPPER,Lucht Tí Uachtarach,,,239008,303980,638951,803992,,,Fiontar,,
16,CAVAN,An Cabhán,CAVAN,,By,Bar,N,,29008,TULLYHUNCO,Teallach Dhúnchadha,,,228229,301642,628174,801654,,,Fiontar,,
17,CLARE,An Clár,CLARE,,By,Bar,N,,39001,BUNRATTY LOWER,Bun Raite Íochtarach,,,141959,164269,541922,664311,,,Fiontar,,
18,CLARE,An Clár,CLARE,,By,Bar,N,,39002,BUNRATTY UPPER,Bun Raite Uachtarach,,,140963,186782,540926,686819,,,Fiontar,,
19,CLARE,An Clár,CLARE,,By,Bar,N,,39003,BURREN,Boirinn,,,119302,206114,519270,706147,,,Fiontar,,
20,CLARE,An Clár,CLARE,,By,Bar,N,,39004,CLONDERALAW,Cluain idir Dhá Lá,,,121441,158352,521409,658396,,,Fiontar,,
21,CLARE,An Clár,CLARE,,By,Bar,N,,39005,CORCOMROE,Corca Mrua,,,116153,190382,516122,690419,,,Fiontar,,
22,CLARE,An Clár,CLARE,,By,Bar,N,,39006,IBRICKAN,Uí Bhreacáin,,,107841,177608,507812,677648,,,Fiontar,,
23,CLARE,An Clár,CLARE,,By,Bar,N,,39007,INCHIQUIN,Inse Uí Chuinn,,,134214,193040,534179,693076,,,Fiontar,,
24,CLARE,An Clár,CLARE,,By,Bar,N,,39008,ISLANDS,Na hOileáin,,,126943,175032,526909,675072,,,Fiontar,,
25,CLARE,An Clár,CLARE,,By,Bar,N,,39009,MOYARTA,Maigh Fhearta,,,93730,155642,493704,655686,,,Fiontar,,
26,CLARE,An Clár,CLARE,,By,Bar,N,,39010,TULLA LOWER,An Tulach Íochtarach,,,162286,171277,562245,671318,,,Fiontar,,
27,CLARE,An Clár,CLARE,,By,Bar,N,,39011,TULLA UPPER,An Tulach Uachtarach,,,157885,192395,557845,692431,,,Fiontar,,
28,CLARE,An Clár,CLARE,,By,Bar,N,,39012,LEITRIM,Liatroim,,,174438,188543,574394,688580,,,Fiontar,,
29,CORK,Corcaigh,CORK,,By,Bar,N,,49001,BANTRY,Beanntraí,,,106334,56210,506304,556276,,,Fiontar,,
30,CORK,Corcaigh,CORK,,By,Bar,N,,49002,BARRETTS,Baróidigh,,,157213,87610,557173,587669,,,Fiontar,,
31,CORK,Corcaigh,CORK,,By,Bar,N,,49003,BARRYMORE,Barraigh Mhóra,,,178090,80949,578045,581009,,,Fiontar,,
32,CORK,Corcaigh,CORK,,By,Bar,N,,49004,BEAR,Béarra,,,67606,48495,467585,548562,,,Fiontar,,
33,CORK,Corcaigh,CORK,,By,Bar,N,,49005,CARBERY EAST (East Division),Cairbrigh Thoir (an Roinn Thoir),,,143214,47745,543176,547813,,,Fiontar,,
34,CORK,Corcaigh,CORK,,By,Bar,N,,49006,CARBERY EAST (West Division),,,,118035,56641,518003,556707,,,,,
35,CORK,Corcaigh,CORK,,By,Bar,Y,,49007,CARBERY WEST (East Division),,,,104233,30541,504203,530612,2,872,FJF,1168819200000,
36,CORK,Corcaigh,CORK,,By,Bar,N,,49008,CARBERY WEST (West Division),Cairbrigh Thiar (an Roinn Thoir),,,95128,36485,495100,536555,,,Fiontar,,
37,CORK,Corcaigh,CORK,,By,Bar,N,,49009,CONDONS and CLANGIBBON,Condúnaigh agus Clann Ghiobúin,,,173038,112478,572994,612531,,,Fiontar,,
38,CORK,Corcaigh,CORK,,By,Bar,N,,49010,CORK,Corcaigh,,,165608,77041,565566,577102,,,Fiontar,,
39,CORK,Corcaigh,CORK,,By,Bar,N,,49011,COURCEYS,Cúrsaigh,,,158307,45571,558266,545639,,,Fiontar,,
40,CORK,Corcaigh,CORK,,By,Bar,N,,49012,DUHALLOW,Dúiche Ealla,,,131747,104525,531712,604580,,,Fiontar,,
41,CORK,Corcaigh,CORK,,By,Bar,N,,49013,FERMOY,Mainistir Fhear Maí,,,164483,104036,564441,604091,,,Fiontar,,
42,CORK,Corcaigh,CORK,,By,Bar,N,,49014,IBANE and BARRYROE,Uí Bhána agus Barraigh Rua,,,135185,38062,535149,538132,,,Fiontar,,
43,CORK,Corcaigh,CORK,,By,Bar,N,,49015,IBANE and BARRYROE,Uí Bhána agus Barraigh Rua,,,146426,40802,546388,540871,,,Fiontar,,"ID changed from 49014, needs further investigation"
44,CORK,Corcaigh,CORK,,By,Bar,N,,49016,IMOKILLY,Uí Mhic Coille,,,200395,73995,600345,574057,,,Fiontar,,
45,CORK,Corcaigh,CORK,,By,Bar,N,,49017,KERRYCURRIHY,Ciarraí Cuirche,,,164293,63226,564251,563290,,,Fiontar,,
46,CORK,Corcaigh,CORK,,By,Bar,N,,49018,KINALEA,Cineál Aodha,,,163224,58539,563182,558604,,,Fiontar,,
47,CORK,Corcaigh,CORK,,By,Bar,N,,49019,KINALMEAKY,Cineál mBéice,,,144156,58211,544118,558276,,,Fiontar,,
48,CORK,Corcaigh,CORK,,By,Bar,N,,49020,KINATALLOON,Coill na Talún,,,193619,89788,593571,589846,,,Fiontar,,
49,CORK,Corcaigh,CORK,,By,Bar,N,,49021,KINSALE,Cionn tSáile,,,163082,51610,563040,551677,,,Fiontar,,
50,CORK,Corcaigh,CORK,,By,Bar,N,,49022,MUSKERRY EAST,Múscraí Thoir,,,143314,74179,543276,574241,,,Fiontar,,
51,CORK,Corcaigh,CORK,,By,Bar,Y,,49023,MUSKERRY WEST,Múscraí Thiar,,,121709,75614,521676,575676,2,872,FJF,1168819200000,
52,CORK,Corcaigh,CORK,,By,Bar,N,,49024,ORRERY and KILMORE,Orbhraí agus An Choill Mhór,,,143109,118369,543072,618421,,,Fiontar,,
53,DONEGAL,Dún na nGall,DONEGAL,,By,Bar,Y,,59001,BANAGH,Báinigh,,,171095,381968,571053,881963,2,872,FJF,1177027200000,
54,DONEGAL,Dún na nGall,DONEGAL,,By,Bar,Y,,59002,BOYLAGH,Baollaigh,,,184375,402789,584330,902780,2,872,FJF,1177027200000,
55,DONEGAL,Dún na nGall,DONEGAL,,By,Bar,N,,59003,INISHOWEN EAST,Inis Eoghain Thoir,,,250275,443181,650217,943163,,,Fiontar,,
56,DONEGAL,Dún na nGall,DONEGAL,,By,Bar,N,,59004,INISHOWEN WEST,Inis Eoghain Thiar,,,237252,430133,637196,930118,,,Fiontar,,
57,DONEGAL,Dún na nGall,DONEGAL,,By,Bar,Y,,59005,KILMACRENAN,Cill Mhic Réanáin,,,203243,422305,603194,922292,2,872,FJF,1177027200000,
58,DONEGAL,Dún na nGall,DONEGAL,,By,Bar,N,,59006,RAPHOE NORTH,Ráth Bhoth Thuaidh,,,227057,407880,627003,907869,,,Fiontar,,
59,DONEGAL,Dún na nGall,DONEGAL,,By,Bar,Y,,59007,RAPHOE SOUTH,Ráth Bhoth Theas,,,211387,396394,611336,896386,2,872,FJF,1177027200000,
60,DONEGAL,Dún na nGall,DONEGAL,,By,Bar,N,,59008,TIRHUGH,Tír Aodha,,,199830,372514,599782,872511,,,Fiontar,,
61,DUBLIN,Baile Átha Cliath,FINGAL,,By,Bar,N,,269001,BALROTHERY EAST,Baile an Ridire Thoir,,,320917,257412,720842,757433,,,Fiontar,,
62,DUBLIN,Baile Átha Cliath,FINGAL,,By,Bar,N,,269002,BALROTHERY WEST,Baile an Ridire Thiar,,,309604,256517,709531,756538,,,Fiontar,,
63,DUBLIN,Baile Átha Cliath,FINGAL,,By,Bar,N,,269003,CASTLEKNOCK,Caisleán Cnucha,,,306575,240586,706503,740611,,,Fiontar,,
64,DUBLIN,Baile Átha Cliath,FINGAL,,By,Bar,N,,269004,COOLOCK,An Chúlóg,,,315835,242293,715761,742318,,,Fiontar,,
65,DUBLIN,Baile Átha Cliath,FINGAL,,By,Bar,N,,269005,NETHERCROSS,An Chrois Íochtarach,,,317911,247333,717836,747356,,,Fiontar,,
66,DUBLIN,Baile Átha Cliath,FINGAL/SOUTH DUBLIN,,By,Bar,N,,269006,NEWCASTLE,An Caisleán Nua,,,301163,227292,701092,727320,,,Fiontar,,
67,DUBLIN,Baile Átha Cliath,SOUTH DUBLIN/DUN LAOGHAIRE-RATHDOWN,,By,Bar,N,,269007,RATHDOWN,Ráth an Dúin,,,318650,224513,718575,724541,,,Fiontar,,
68,DUBLIN,Baile Átha Cliath,SOUTH DUBLIN/DUN LAOGHAIRE-RATHDOWN,,By,Bar,N,,269008,UPPERCROSS,An Chrois Uachtarach,,,307841,224412,707768,724440,,,Fiontar,,
69,DUBLIN,Baile Átha Cliath,DUN LAOGHAIRE-RATHDOWN,,By,Bar,N,,269009,DUBLIN,Baile Átha Cliath,,,321246,229622,721170,729649,,,Fiontar,,
70,GALWAY,Gaillimh,GALWAY,,By,Bar,Y,,69001,ARAN,Árainn,,,84679,209693,484655,709726,2,872,FJF,1171929600000,
71,GALWAY,Gaillimh,GALWAY,,By,Bar,N,,69002,ATHENRY,Baile Átha an Rí,,,150014,225982,549976,726011,,,Fiontar,,
72,GALWAY,Gaillimh,GALWAY,,By,Bar,N,,69003,BALLYMOE,Béal Átha Mó,,,163254,268012,563213,768032,,,Fiontar,,
73,GALWAY,Gaillimh,GALWAY,,By,Bar,Y,,69004,BALLYNAHINCH,Baile na hInse,,,75832,250061,475810,750085,2,872,FJF,1171929600000,
74,GALWAY,Gaillimh,GALWAY,,By,Bar,Y,,69005,CLARE,Baile Chláir,,,134680,241860,534645,741886,2,872,FJF,1171929600000,
75,GALWAY,Gaillimh,GALWAY,,By,Bar,N,,69006,CLONMACNOWEN,Cluain Mhac nEoghain,,,181761,230512,581716,730540,,,Fiontar,,
76,GALWAY,Gaillimh,GALWAY,,By,Bar,Y,,69007,DUNKELLIN,Dún Coillín,,,145661,218622,545623,718652,2,872,FJF,1171929600000,
77,GALWAY,Gaillimh,GALWAY,,By,Bar,N,,69008,DUNMORE,Dún Mór,,,142442,259525,542405,759547,,,Fiontar,,
78,GALWAY,Gaillimh,GALWAY,,By,Bar,Y,,69009,GALWAY,Gaillimh,,,127034,229383,527001,729411,2,872,FJF,1171929600000,
79,GALWAY,Gaillimh,GALWAY,,By,Bar,N,,69010,KILCONNELL,Cill Chonaill,,,169526,231875,569483,731903,,,Fiontar,,
80,GALWAY,Gaillimh,GALWAY,,By,Bar,N,,69011,KILLIAN,Cill Liatháin,,,174773,249587,574729,749611,,,Fiontar,,
81,GALWAY,Gaillimh,GALWAY,,By,Bar,N,,69012,KILTARTAN,Cill Tartan,,,144773,200268,544736,700302,,,Fiontar,,
82,GALWAY,Gaillimh,GALWAY,,By,Bar,N,,69013,LEITRIM,Liatroim,,,170318,206861,570275,706894,,,Fiontar,,
83,GALWAY,Gaillimh,GALWAY,,By,Bar,N,,69014,LONGFORD,An Longfort,,,185874,216036,585828,716067,,,Fiontar,,
84,GALWAY,Gaillimh,GALWAY,,By,Bar,N,,69015,LOUGHREA,Baile Locha Riach,,,158519,209504,558479,709536,,,Fiontar,,
85,GALWAY,Gaillimh,GALWAY,,By,Bar,Y,,69016,MOYCULLEN,Maigh Cuilinn,,,107748,235916,507719,735943,2,872,FJF,1171929600000,
86,GALWAY,Gaillimh,GALWAY,,By,Bar,Y,,69017,ROSS,An Ros,,,100090,254196,500062,754219,2,872,FJF,1171929600000,
87,GALWAY,Gaillimh,GALWAY,,By,Bar,N,,69018,TIAQUIN,Tigh Dachoinne,,,159393,244402,559353,744427,,,Fiontar,,
88,GALWAY,Gaillimh,GALWAY,,By,Bar,N,,69019,MOYCARN,Maigh Charnáin,,,185603,231723,585557,731750,,,Fiontar,,
89,KERRY,Ciarraí,KERRY,,By,Bar,N,,79001,CLANMAURICE,Clann Mhuiris,,,89652,127770,489626,627820,,,Fiontar,,
90,KERRY,Ciarraí,KERRY,,By,Bar,Y,,79002,CORKAGUINY,Corca Dhuibhne,,,49078,105425,449061,605480,2,872,A.McM,1175558400000,
91,KERRY,Ciarraí,KERRY,,By,Bar,N,,79003,DUNKERRON NORTH,Dún Ciaráin Thuaidh,,,81585,87473,481561,587532,,,Fiontar,,
92,KERRY,Ciarraí,KERRY,,By,Bar,Y,,79004,DUNKERRON SOUTH,Dún Ciaráin Theas,,,70073,71761,470051,571823,2,872,A.McM,1175558400000,
93,KERRY,Ciarraí,KERRY,,By,Bar,N,,79005,GLANAROUGHT,Gleann na Ruachtaí,,,100909,71447,500881,571509,,,Fiontar,,
94,KERRY,Ciarraí,KERRY,,By,Bar,N,,79006,IRAGHTICONNOR,Oireacht Uí Chonchúir,,,96285,142998,496258,643045,,,Fiontar,,
95,KERRY,Ciarraí,KERRY,,By,Bar,Y,,79007,IVERAGH,Uíbh Ráthach,,,56204,78911,456185,578972,2,872,A.McM,1175558400000,
96,KERRY,Ciarraí,KERRY,,By,Bar,N,,79008,MAGUNIHY,Maigh gCoinchinn,,,100385,88113,500357,588172,,,Fiontar,,
97,KERRY,Ciarraí,KERRY,,By,Bar,N,,79009,TRUGHANACMY,Triúcha an Aicme,,,94283,110943,494256,610997,,,Fiontar,,
98,KILDARE,Cill Dara,KILDARE,,By,Bar,N,,89001,CARBURY,Cairbre,,,268627,237714,668563,737740,,,Fiontar,,
99,KILDARE,Cill Dara,KILDARE,,By,Bar,N,,89002,CLANE,Claonadh,,,282157,227364,682090,727392,,,Fiontar,,
100,KILDARE,Cill Dara,KILDARE,,By,Bar,N,,89003,CONNELL,Connail,,,279669,217518,679602,717548,,,Fiontar,,
101,KILDARE,Cill Dara,KILDARE,,By,Bar,N,,89004,IKEATHY and OUGHTERANY,Uí Chéithigh agus Uachtar Fhine,,,284964,237295,684896,737321,,,Fiontar,,
102,KILDARE,Cill Dara,KILDARE,,By,Bar,N,,89005,KILCULLEN,Cill Chuillinn,,,283494,205491,683426,705524,,,Fiontar,,
103,KILDARE,Cill Dara,KILDARE,,By,Bar,N,,89006,KILKEA and MOONE,Cill Chá agus Maoin,,,278801,186208,678734,686245,,,Fiontar,,
104,KILDARE,Cill Dara,KILDARE,,By,Bar,N,,89007,NAAS NORTH,An Nás Thuaidh,,,289662,223218,689593,723247,,,Fiontar,,
105,KILDARE,Cill Dara,KILDARE,,By,Bar,N,,89008,NAAS SOUTH,An Nás Theas,,,290147,208968,690078,709000,,,Fiontar,,
106,KILDARE,Cill Dara,KILDARE,,By,Bar,N,,89009,NARRAGH and REBAN EAST,An Fhorrach agus an Réabán Thoir,,,279923,199033,679856,699067,,,Fiontar,,
107,KILDARE,Cill Dara,KILDARE,,By,Bar,N,,89010,NARRAGH and REBAN WEST,An Fhorrach agus an Réabán Thiar,,,266007,197835,665943,697869,,,Fiontar,,
108,KILDARE,Cill Dara,KILDARE,,By,Bar,N,,89011,OFFALY EAST,Uíbh Fhailí Thoir,,,272574,212543,672509,712574,,,Fiontar,,
109,KILDARE,Cill Dara,KILDARE,,By,Bar,N,,89012,OFFALY WEST,Uíbh Fhailí Thiar,,,267985,205571,667921,705604,,,Fiontar,,
110,KILDARE,Cill Dara,KILDARE,,By,Bar,N,,89013,SALT NORTH,An Léim Thuaidh,,,295880,236361,695810,736387,,,Fiontar,,
111,KILDARE,Cill Dara,KILDARE,,By,Bar,N,,89014,SALT SOUTH,An Léim Theas,,,295532,225185,695462,725213,,,Fiontar,,
112,KILKENNY,Cill Chainnigh,KILKENNY,,By,Bar,N,,99001,CALLAN,Callainn,,,240148,143628,640090,643674,1,520,LH,1170115200000,
113,KILKENNY,Cill Chainnigh,KILKENNY,,By,Bar,N,,99002,CRANNAGH,Crannach,,,238491,157957,638433,658000,1,520,LH,1170115200000,
114,KILKENNY,Cill Chainnigh,KILKENNY,,By,Bar,N,,99003,FASSADININ,Fásach an Deighnín,,,251434,171563,651373,671603,1,520,LH,1170115200000,
115,KILKENNY,Cill Chainnigh,KILKENNY,,By,Bar,N,,99004,GALMOY,Gabhalmhaigh,,,230765,168315,630709,668356,1,520,LH,1170115200000,
116,KILKENNY,Cill Chainnigh,KILKENNY,,By,Bar,N,,99005,GOWRAN,Gabhrán,,,261159,148253,661096,648298,1,520,LH,1170115200000,
117,KILKENNY,Cill Chainnigh,KILKENNY,,By,Bar,N,,99006,IDA,Uí Dheá,,,264980,123566,664916,623617,1,520,LH,1170115200000,
118,KILKENNY,Cill Chainnigh,KILKENNY,,By,Bar,N,,99007,IVERK,Uíbh Eirc,,,249827,119897,649767,619948,1,520,LH,1170115200000,
119,KILKENNY,Cill Chainnigh,KILKENNY,,By,Bar,N,,99008,KELLS,Ceanannas,,,243249,135691,643190,635739,1,520,LH,1170115200000,
120,KILKENNY,Cill Chainnigh,KILKENNY,,By,Bar,N,,99009,KNOCKTOPHER,Cnoc an Tóchair,,,253528,130729,653467,630778,1,520,LH,1170115200000,
121,KILKENNY,Cill Chainnigh,KILKENNY,,By,Bar,N,,99010,SHILLELOGHER,Síol Fhaolchair,,,246432,148385,646372,648430,1,520,LH,1170115200000,
122,KILKENNY,Cill Chainnigh,KILKENNY,,By,Bar,N,,99011,KILCULLIHEEN,Cill Choilchín,,,260466,114162,660403,614215,1,520,LH,1170115200000,
123,LAOIS,Laois,LAOIS,,By,Bar,N,,109001,BALLYADAMS,Baile Ádaim,,,264745,188861,664681,688897,,,Fiontar,,
124,LAOIS,Laois,LAOIS,,By,Bar,N,,109002,CLANDONAGH,Clann Donnchadha,,,225433,179519,625378,679558,,,Fiontar,,
125,LAOIS,Laois,LAOIS,,By,Bar,N,,109003,CLARMALLAGH,Clár Maí Locha,,,236036,178763,635979,678802,,,Fiontar,,
126,LAOIS,Laois,LAOIS,,By,Bar,N,,109004,CULLENAGH,Cuileannach,,,250165,186695,650105,686732,,,Fiontar,,
127,LAOIS,Laois,LAOIS,,By,Bar,N,,109005,MARYBOROUGH EAST,Port Laoise Thoir,,,247661,199544,647601,699578,,,Fiontar,,
128,LAOIS,Laois,LAOIS,,By,Bar,N,,109006,MARYBOROUGH WEST,Port Laoise Thiar,,,239075,194750,639017,694785,,,Fiontar,,
129,LAOIS,Laois,LAOIS,,By,Bar,N,,109007,PORTNAHINCH,Port na hInse,,,254567,206479,654506,706512,,,Fiontar,,
130,LAOIS,Laois,LAOIS,,By,Bar,N,,109008,SLIEVEMARGY,Sliabh Mairge,,,265276,178948,665212,678987,,,Fiontar,,
131,LAOIS,Laois,LAOIS,,By,Bar,N,,109009,STRADBALLY,An Sráidbhaile,,,256637,196254,656575,696289,,,Fiontar,,
132,LAOIS,Laois,LAOIS,,By,Bar,N,,109010,TINNAHINCH,Tigh na hInse,,,234089,210166,634032,710198,,,Fiontar,,
133,LAOIS,Laois,LAOIS,,By,Bar,N,,109011,UPPERWOODS,An Choill Uachtarach,,,228419,196687,628363,696722,,,Fiontar,,
134,LEITRIM,Liatroim,LEITRIM,,By,Bar,N,,119001,CARRIGALLEN,Carraig Álainn,,,218864,309187,618811,809198,,,Fiontar,,
135,LEITRIM,Liatroim,LEITRIM,,By,Bar,N,,119002,DRUMAHAIRE,Droim Dhá Thiar,,,186907,333063,586861,833069,,,Fiontar,,
136,LEITRIM,Liatroim,LEITRIM,,By,Bar,N,,119003,LEITRIM,Liatroim,,,197426,304172,597378,804184,,,Fiontar,,
137,LEITRIM,Liatroim,LEITRIM,,By,Bar,N,,119004,MOHILL,Maothail,,,210397,298923,610346,798936,,,Fiontar,,
138,LEITRIM,Liatroim,LEITRIM,,By,Bar,N,,119005,ROSCLOGHER,Ros Clochair,,,188850,345912,588804,845915,,,Fiontar,,
139,LIMERICK,Luimneach,LIMERICK,,By,Bar,N,,129001,CLANWILLIAM,Clann Liam,,,164487,151481,564445,651526,1,522,FF,1169769600000,
140,LIMERICK,Luimneach,LIMERICK,,By,Bar,N,,129002,CONNELLO LOWER,Conallaigh Íochtaracha,,,137112,144637,537076,644683,1,522,FF,1169769600000,
141,LIMERICK,Luimneach,LIMERICK,,By,Bar,N,,129003,CONNELLO UPPER,Conallaigh Uachtaracha,,,144395,132235,544357,632284,1,522,FF,1169769600000,
142,LIMERICK,Luimneach,LIMERICK,,By,Bar,N,,129004,COONAGH,Uí Chuanach,,,179659,145875,579614,645921,1,522,FF,1169769600000,
143,LIMERICK,Luimneach,LIMERICK,,By,Bar,N,,129005,COSHLEA,Cois Sléibhe,,,173592,123366,573548,623417,1,522,FF,1169769600000,
144,LIMERICK,Luimneach,LIMERICK,,By,Bar,N,,129006,COSHMA,Cois Máighe,,,156243,134143,556203,634192,1,522,FF,1169769600000,
145,LIMERICK,Luimneach,LIMERICK,,By,Bar,N,,129007,GLENQUIN,Gleann an Choim,,,124846,127635,524813,627685,1,522,FF,1169769600000,
146,LIMERICK,Luimneach,LIMERICK,,By,Bar,N,,129008,KENRY,Caonraí,,,141632,152939,541595,652984,1,522,FF,1169769600000,
147,LIMERICK,Luimneach,LIMERICK,,By,Bar,N,,129009,KILMALLOCK,Cill Mocheallóg,,,159723,128024,559682,628074,1,522,FF,1169769600000,
148,LIMERICK,Luimneach,LIMERICK,,By,Bar,N,,129010,NORTH LIBERTIES,Na Líbeartaí Thuaidh,,,153394,157741,553355,657785,1,522,FF,1169769600000,
149,LIMERICK,Luimneach,LIMERICK,,By,Bar,N,,129011,OWNEYBEG,Uaithne Beag,,,175257,154865,575213,654909,1,522,FF,1169769600000,
150,LIMERICK,Luimneach,LIMERICK,,By,Bar,N,,129012,PUBBLEBRIEN,Pobal Bhriain,,,152301,151909,552262,651954,1,522,FF,1169769600000,
151,LIMERICK,Luimneach,LIMERICK,,By,Bar,N,,129013,SHANID,Seanaid,,,117817,143951,517785,643998,1,522,FF,1169769600000,
152,LIMERICK,Luimneach,LIMERICK,,By,Bar,N,,129014,SMALLCOUNTY,An Déis Bheag,,,166932,139056,566890,639104,1,522,FF,1169769600000,
153,LONGFORD,An Longfort,LONGFORD,,By,Bar,N,,139001,ARDAGH,Ardach,,,222829,270151,622775,770170,,,Fiontar,,
154,LONGFORD,An Longfort,LONGFORD,,By,Bar,N,,139002,GRANARD,Gránard,,,228517,281813,628462,781829,,,Fiontar,,
155,LONGFORD,An Longfort,LONGFORD,,By,Bar,N,,139003,LONGFORD,An Longfort,,,215605,282085,615553,782101,,,Fiontar,,
156,LONGFORD,An Longfort,LONGFORD,,By,Bar,N,,139004,MOYDOW,Maigh Dumha,,,211978,267907,611926,767927,,,Fiontar,,
157,LONGFORD,An Longfort,LONGFORD,,By,Bar,N,,139005,RATHCLINE,Ráth Claon,,,205530,260568,605480,760589,,,Fiontar,,
158,LONGFORD,An Longfort,LONGFORD,,By,Bar,N,,139006,SHRULE,Sruthail,,,221348,258460,621294,758482,,,Fiontar,,
159,LOUTH,Lú,LOUTH,,By,Bar,N,,149001,ARDEE,Baile Átha Fhirdhia,,,300769,291401,700698,791415,1,521,AMCM,1164153600000,
160,LOUTH,Lú,LOUTH,,By,Bar,N,,149002,DROGHEDA,Droichead Átha,,,308759,276706,708687,776723,1,521,AMCM,1164153600000,
161,LOUTH,Lú,LOUTH,,By,Bar,N,,149003,DULEEK LOWER,Damhliag Íochtarach,,,307802,274443,707730,774461,1,521,AMCM,1164153600000,
162,LOUTH,Lú,LOUTH,,By,Bar,N,,149004,DUNDALK LOWER,Dún Dealgan Íochtarach,,,313709,312285,713636,812294,1,521,AMCM,1164153600000,
163,LOUTH,Lú,LOUTH,,By,Bar,N,,149005,DUNDALK UPPER,Dún Dealgan Uachtarach,,,303139,304951,703068,804962,1,521,AMCM,1164153600000,
164,LOUTH,Lú,LOUTH,,By,Bar,N,,149006,FERRARD,Fir Arda,,,309148,283062,709076,783078,1,521,AMCM,1164153600000,
165,LOUTH,Lú,LOUTH,,By,Bar,N,,149007,LOUTH,Lú,,,298750,299395,698680,799407,1,521,AMCM,1164153600000,
166,MAYO,Maigh Eo,MAYO,,By,Bar,Y,,159001,BURRISHOOLE,Buiríos Umhaill,,,101271,291747,501243,791762,2,872,FJF,1167868800000,
167,MAYO,Maigh Eo,MAYO,,By,Bar,Y,,159002,CARRA,Ceara,,,118260,281190,518229,781207,2,872,FJF,1167868800000,
168,MAYO,Maigh Eo,MAYO,,By,Bar,N,,159003,CLANMORRIS,Clann Mhuiris,,,133715,274759,533680,774778,,,Fiontar,,
169,MAYO,Maigh Eo,MAYO,,By,Bar,N,,159004,COSTELLO,Coistealaigh,,,147887,282979,547849,782996,,,Fiontar,,
170,MAYO,Maigh Eo,MAYO,,By,Bar,Y,,159005,ERRIS,Iorras,,,89311,321680,489286,821689,2,872,FJF,1167868800000,
171,MAYO,Maigh Eo,MAYO,,By,Bar,N,,159006,GALLEN,Gaileanga,,,134648,295990,534613,796004,,,Fiontar,,
172,MAYO,Maigh Eo,MAYO,,By,Bar,N,,159007,KILMAINE,Cill Mheáin,,,123059,260262,523026,760284,,,Fiontar,,
173,MAYO,Maigh Eo,MAYO,,By,Bar,N,,159008,MURRISK,Muraisc,,,90623,273152,490597,773171,,,Fiontar,,
174,MAYO,Maigh Eo,MAYO,,By,Bar,Y,,159009,TIRAWLEY,Tír Amhlaidh,,,109545,317577,509516,817587,2,872,FJF,1167868800000,
175,MAYO,Maigh Eo,MAYO,,By,Bar,Y,,159010,ROSS,An Ros,,,104022,261321,503994,761343,2,872,FJF,1167868800000,
176,MAYO,Maigh Eo,MAYO,,By,Bar,N,,159011,TIRERAGH,Tír Fhiachrach,,,127528,318231,527495,818240,,,Fiontar,,
177,MEATH,An Mhí,MEATH,,By,Bar,N,,169001,DUNBOYNE,Dún Búinne,,,302193,243406,702122,743430,,,Fiontar,,
178,MEATH,An Mhí,MEATH,,By,Bar,N,,169002,FORE,,,,255860,278833,655799,778850,,,,,
179,MEATH,An Mhí,MEATH,,By,Bar,N,,169003,DEECE LOWER,Déise Íochtarach,,,286530,256567,686462,756589,,,Fiontar,,
180,MEATH,An Mhí,MEATH,,By,Bar,N,,169004,DULEEK LOWER,Damhliag Íochtarach,,,301792,269230,701721,769249,,,Fiontar,,
181,MEATH,An Mhí,MEATH,,By,Bar,N,,169005,KELLS LOWER,Ceanannas Íochtarach,,,274610,286796,674545,786811,,,Fiontar,,
182,MEATH,An Mhí,MEATH,,By,Bar,N,,169006,MOYFENRATH LOWER,Maigh Fionnráithe Íochtarach,,,278506,250646,678440,750669,,,Fiontar,,
183,MEATH,An Mhí,MEATH,,By,Bar,N,,169007,NAVAN LOWER,An Uaimh Íochtarach,,,283073,268263,683006,768282,,,Fiontar,,
184,MEATH,An Mhí,MEATH,,By,Bar,N,,169008,SLANE LOWER,Baile Shláine Íochtarach,,,289931,288728,689863,788743,,,Fiontar,,
185,MEATH,An Mhí,MEATH,,By,Bar,Y,,169009,LUNE,Luíne,,,271080,259644,671015,759665,2,872,AMcM,1174608000000,
186,MEATH,An Mhí,MEATH,,By,Bar,Y,,169010,MORGALLION,Machaire Gaileang,,,283983,285956,683916,785971,2,872,AMcM,1174608000000,
187,MEATH,An Mhí,MEATH,,By,Bar,N,,169011,RATOATH,Ráth Tó,,,302891,251226,702820,751249,,,Fiontar,,
188,MEATH,An Mhí,MEATH,,By,Bar,N,,169012,SKREEN,An Scrín,,,293855,264016,693786,764036,,,Fiontar,,
189,MEATH,An Mhí,MEATH,,By,Bar,N,,169013,DEECE UPPER,Déise Uachtarach,,,288596,243095,688528,743119,,,Fiontar,,
190,MEATH,An Mhí,MEATH,,By,Bar,N,,169014,DULEEK UPPER,Damhliag Uachtarach,,,310093,263742,710020,763762,,,Fiontar,,
191,MEATH,An Mhí,MEATH,,By,Bar,Y,,169015,KELLS UPPER,Ceanannas Uachtarach,,,271173,273302,671109,773320,2,872,AMcM,1174608000000,
192,MEATH,An Mhí,MEATH,,By,Bar,N,,169016,MOYFENRATH UPPER,Maigh Fionnráithe Uachtarach,,,263637,246019,663574,746043,,,Fiontar,,
193,MEATH,An Mhí,MEATH,,By,Bar,Y,,169017,NAVAN UPPER,An Uaimh Uachtarach,,,277452,261332,677386,761353,2,872,AMcM,1174608000000,
194,MEATH,An Mhí,MEATH,,By,Bar,N,,169018,SLANE UPPER,Baile Shláine Uachtarach,,,294637,277857,694568,777874,,,Fiontar,,
195,MONAGHAN,Muineachán,MONAGHAN,,By,Bar,N,,179001,CREMORNE,Críoch Mhúrn,,,276084,318488,676019,818496,1,523,FF,1173139200000,
196,MONAGHAN,Muineachán,MONAGHAN,,By,Bar,N,,179002,DARTREE,Dartraí,,,255898,323203,655837,823210,1,523,FF,1173139200000,
197,MONAGHAN,Muineachán,MONAGHAN,,By,Bar,N,,179003,FARNEY,Fearnaigh,,,282411,306274,682344,806285,1,523,FF,1173139200000,
198,MONAGHAN,Muineachán,MONAGHAN,,By,Bar,N,,179004,MONAGHAN,Muineachán,,,264205,333259,664143,833264,1,523,FF,1173139200000,
199,MONAGHAN,Muineachán,MONAGHAN,,By,Bar,N,,179005,TROUGH,An Triúcha,,,264426,345232,664364,845235,1,523,FF,1173139200000,
200,OFFALY,Uíbh Fhailí,OFFALY,,By,Bar,N,,189001,BALLYBOY,Baile Átha Buí,,,222145,216081,622091,716112,1,525,FF,1168992000000,
201,OFFALY,Uíbh Fhailí,OFFALY,,By,Bar,N,,189002,BALLYBRITT,Baile an Bhriotaigh,,,215712,200337,615659,700371,1,525,FF,1168992000000,
202,OFFALY,Uíbh Fhailí,OFFALY,,By,Bar,N,,189003,BALLYCOWAN,Baile Mhic Comhainn,,,228554,225119,628498,725148,1,525,FF,1168992000000,
203,OFFALY,Uíbh Fhailí,OFFALY,,By,Bar,N,,189004,CLONLISK,Cluain Leisc,,,205644,189601,605593,689637,1,525,FF,1168992000000,
204,OFFALY,Uíbh Fhailí,OFFALY,,By,Bar,N,,189005,COOLESTOWN,Baile an Chúlaígh,,,259031,225858,658969,725886,1,525,FF,1168992000000,
205,OFFALY,Uíbh Fhailí,OFFALY,,By,Bar,N,,189006,EGLISH,An Eaglais,,,211098,209757,611046,709789,1,525,FF,1168992000000,
206,OFFALY,Uíbh Fhailí,OFFALY,,By,Bar,N,,189007,GARRYCASTLE,Garraí an Chaisleáin,,,208542,223874,608491,723903,1,525,FF,1168992000000,
207,OFFALY,Uíbh Fhailí,OFFALY,,By,Bar,N,,189008,GEASHILL,Géisill,,,238307,220546,638249,720576,1,525,FF,1168992000000,
208,OFFALY,Uíbh Fhailí,OFFALY,,By,Bar,N,,189009,KILCOURSEY,Cill Chuairsí,,,224097,235353,624042,735380,1,525,FF,1168992000000,
209,OFFALY,Uíbh Fhailí,OFFALY,,By,Bar,N,,189010,PHILIPSTOWN LOWER,An Daingean Íochtarach,,,244354,230528,644295,730555,1,525,FF,1168992000000,
210,OFFALY,Uíbh Fhailí,OFFALY,,By,Bar,N,,189011,PHILIPSTOWN UPPER,An Daingean Uachtarach,,,249528,216853,649468,716883,1,525,FF,1168992000000,
211,OFFALY,Uíbh Fhailí,OFFALY,,By,Bar,N,,189012,WARRENSTOWN,Baile an Bhairínigh,,,253624,235603,653563,735629,1,525,FF,1168992000000,
212,ROSCOMMON,Ros Comáin,ROSCOMMON,,By,Bar,N,,199001,ATHLONE NORTH,Baile Átha Luain Thuaidh,,,186213,257271,586167,757293,,,Fiontar,,
213,ROSCOMMON,Ros Comáin,ROSCOMMON,,By,Bar,N,,199002,ATHLONE SOUTH,Baile Átha Luain Theas,,,192778,241976,592730,742001,,,Fiontar,,
214,ROSCOMMON,Ros Comáin,ROSCOMMON,,By,Bar,N,,199003,BALLINTOBER NORTH,Baile an Tobair Thuaidh,,,201431,286119,601382,786135,,,Fiontar,,
215,ROSCOMMON,Ros Comáin,ROSCOMMON,,By,Bar,N,,199004,BALLINTOBER SOUTH,Baile an Tobair Theas,,,191169,268104,591122,768124,,,Fiontar,,
216,ROSCOMMON,Ros Comáin,ROSCOMMON,,By,Bar,N,,199005,BALLYMOE,Béal Átha Mó,,,176832,270508,576788,770527,,,Fiontar,,
217,ROSCOMMON,Ros Comáin,ROSCOMMON,,By,Bar,N,,199006,BOYLE,Mainistir na Búille,,,187315,305675,587269,805687,,,Fiontar,,
218,ROSCOMMON,Ros Comáin,ROSCOMMON,,By,Bar,N,,199007,CASTLEREAGH,An Caisleán Riabhach,,,162517,278754,562476,778772,,,Fiontar,,
219,ROSCOMMON,Ros Comáin,ROSCOMMON,,By,Bar,N,,199008,FRENCHPARK,Dún Gar,,,169902,290628,569860,790643,,,Fiontar,,
220,ROSCOMMON,Ros Comáin,ROSCOMMON,,By,Bar,N,,199009,MOYCARN,Maigh Charnáin,,,191713,229905,591666,729933,,,Fiontar,,
221,ROSCOMMON,Ros Comáin,ROSCOMMON,,By,Bar,N,,199010,ROSCOMMON,Ros Comáin,,,189773,283510,589726,783526,,,Fiontar,,
222,ROSCOMMON,Ros Comáin,ROSCOMMON,,By,Bar,N,,199011,COSTELLO,Coistealaigh,,,161153,296889,561112,796903,,,Fiontar,,
223,SLIGO,Sligeach,SLIGO,,By,Bar,N,,209001,CARBURY,Cairbre,,,170317,341775,570275,841779,,,Fiontar,,
224,SLIGO,Sligeach,SLIGO,,By,Bar,N,,209002,COOLAVIN,Cúil Ó bhFinn,,,167449,302357,567407,802369,,,Fiontar,,
225,SLIGO,Sligeach,SLIGO,,By,Bar,N,,209003,CORRAN,An Corann,,,165100,312508,565059,812518,,,Fiontar,,
226,SLIGO,Sligeach,SLIGO,,By,Bar,N,,209004,LEYNY,Luíne,,,147279,314853,547242,814863,,,Fiontar,,
227,SLIGO,Sligeach,SLIGO,,By,Bar,N,,209005,TIRERAGH,Tír Fhiachrach,,,140114,329801,540078,829808,,,Fiontar,,
228,SLIGO,Sligeach,SLIGO,,By,Bar,N,,209006,TIRERRILL,Tír Oirill,,,176030,319022,575986,819031,,,Fiontar,,
229,TIPPERARY,Tiobraid Árann,SOUTH TIPPERARY,,By,Bar,N,,219001,CLANWILLIAM,Clann Liam,,,189670,134813,589623,634861,1,847,FJF,1163721600000,
230,TIPPERARY,Tiobraid Árann,NORTH TIPPERARY,,By,Bar,N,,219002,ELIOGARTY,Éile Uí Fhógarta,,,213509,161349,613457,661392,1,847,FJF,1163721600000,
231,TIPPERARY,Tiobraid Árann,SOUTH TIPPERARY,,By,Bar,N,,219003,IFFA and OFFA EAST,Uíbh Eoghain agus Uíbh Fhathaidh Thoir,,,227134,127583,627079,627633,1,847,FJF,1163721600000,
232,TIPPERARY,Tiobraid Árann,SOUTH TIPPERARY,,By,Bar,N,,219004,IFFA and OFFA WEST,Uíbh Eoghain agus Uíbh Fhathaidh Thiar,,,199924,117942,599874,617994,1,847,FJF,1163721600000,
233,TIPPERARY,Tiobraid Árann,NORTH TIPPERARY,,By,Bar,N,,219005,IKERRIN,Uí Chairín,,,213047,180868,612995,680906,1,847,FJF,1163721600000,
234,TIPPERARY,Tiobraid Árann,SOUTH TIPPERARY,,By,Bar,N,,219006,KILNAMANAGH LOWER,Coill na Manach Íochtarach,,,197339,148482,597290,648527,1,847,FJF,1163721600000,
235,TIPPERARY,Tiobraid Árann,NORTH/SOUTH TIPPERARY,,By,Bar,N,,219007,KILNAMANAGH UPPER,Coill na Manach Uachtarach,,,195830,159606,595781,659649,1,847,FJF,1163721600000,
236,TIPPERARY,Tiobraid Árann,SOUTH TIPPERARY,,By,Bar,N,,219009,MIDDLETHIRD,An Trian Meánach,,,214404,137414,614351,637462,1,847,FJF,1163721600000,
237,TIPPERARY,Tiobraid Árann,NORTH TIPPERARY,,By,Bar,N,,219010,OWNEY and ARRA,Uaithne agus Ara,,,175741,169262,575697,669303,1,847,FJF,1163721600000,
238,TIPPERARY,Tiobraid Árann,NORTH TIPPERARY,,By,Bar,N,,219011,ORMOND LOWER,Urumhain Íochtarach,,,191292,196005,591244,696040,1,847,FJF,1163721600000,
239,TIPPERARY,Tiobraid Árann,NORTH TIPPERARY,,By,Bar,N,,219012,ORMOND UPPER,Urumhain Uachtarach,,,190756,173919,590709,673959,1,847,FJF,1163721600000,
240,TIPPERARY,Tiobraid Árann,SOUTH TIPPERARY,,By,Bar,N,,219013,SLIEVARDAGH,Sliabh Ardach,,,227889,149413,627833,649458,1,847,FJF,1163721600000,
241,TIPPERARY,Tiobraid Árann,SOUTH TIPPERARY,,By,Bar,N,,219014,GLENAHIRY,Gleann na hUidhre,,,220841,122096,620787,622147,1,847,FJF,1163721600000,
242,TIPPERARY,Tiobraid Árann,SOUTH TIPPERARY,,By,Bar,N,,219015,UPPERTHIRD,Uachtar Tíre,,,240840,121122,640782,621173,1,847,FJF,1163721600000,
243,WATERFORD,Port Láirge,WATERFORD,,By,Bar,N,,229001,COSHMORE and COSHBRIDE,Cois Abha Móire agus Cois Bhríde,,,202715,98508,602665,598564,1,524,FF,1172102400000,
244,WATERFORD,Port Láirge,WATERFORD,,By,Bar,Y,,229002,DECIES winthin DRUM,Na Déise laistigh den Drom,,,217762,85133,617709,585192,1,524,FF,1172102400000,
245,WATERFORD,Port Láirge,WATERFORD,,By,Bar,N,,229003,DECIES without DRUM,Na Déise lasmuigh den Drom,,,227981,101109,627925,601165,1,524,FF,1172102400000,
246,WATERFORD,Port Láirge,WATERFORD,,By,Bar,N,,229004,GAULTIERE,An Ghailltír,,,265916,105035,665852,605090,1,524,FF,1171584000000,
247,WATERFORD,Port Láirge,WATERFORD,,By,Bar,N,,229005,GLENAHIRY,Gleann na hUidhre,,,220382,115360,620328,615413,1,524,FF,1171584000000,
248,WATERFORD,Port Láirge,WATERFORD,,By,Bar,N,,229007,MIDDLETHIRD,An Trian Meánach,,,252959,104570,652898,604625,1,524,FF,1171584000000,
249,WATERFORD,Port Láirge,WATERFORD,,By,Bar,N,,229008,UPPERTHIRD,Uachtar Tíre,,,236137,115216,636080,615269,1,524,FF,1171584000000,
250,WESTMEATH,An Iarmhí,WESTMEATH,,By,Bar,N,,239001,BRAWNY,Breámhaine,,,206057,241542,606006,741567,,,Fiontar,,
251,WESTMEATH,An Iarmhí,WESTMEATH,,By,Bar,N,,239002,CLONLONAN,Cluain Lonáin,,,214018,238140,613966,738166,,,Fiontar,,
252,WESTMEATH,An Iarmhí,WESTMEATH,,By,Bar,N,,239003,CORKAREE,Corca Raoi,,,241621,262343,641563,762364,,,Fiontar,,
253,WESTMEATH,An Iarmhí,WESTMEATH,,By,Bar,N,,239004,DELVIN,Dealbhna,,,260096,262532,660034,762552,,,Fiontar,,
254,WESTMEATH,An Iarmhí,WESTMEATH,,By,Bar,N,,239005,FARBILL,Fir Bhile,,,256900,250467,656838,750490,,,Fiontar,,
255,WESTMEATH,An Iarmhí,WESTMEATH,,By,Bar,N,,239006,FARTULLAGH,Fir Thulach,,,245128,243202,645069,743227,,,Fiontar,,
256,WESTMEATH,An Iarmhí,WESTMEATH,,By,Bar,N,,239007,FORE,Baile Fhobhair,,,245853,271530,645794,771549,,,Fiontar,,
257,WESTMEATH,An Iarmhí,WESTMEATH,,By,Bar,N,,239008,KILKENNY WEST,Cill Chainnigh Thiar,,,210302,248943,610251,748967,,,Fiontar,,
258,WESTMEATH,An Iarmhí,WESTMEATH,,By,Bar,N,,239009,MOYASHEL and MAGHERADERNON,Maigh Asail agus Machaire Ó dTiarnáin,,,243702,254057,643643,754079,,,Fiontar,,
259,WESTMEATH,An Iarmhí,WESTMEATH,,By,Bar,N,,239010,MOYCASHEL,Maigh Chaisil,,,233147,238889,633091,738915,,,Fiontar,,
260,WESTMEATH,An Iarmhí,WESTMEATH,,By,Bar,N,,239011,MOYGOISH,Uí Mhac gCuais,,,232014,265259,631958,765279,,,Fiontar,,
261,WESTMEATH,An Iarmhí,WESTMEATH,,By,Bar,N,,239012,RATHCONRATH,Ráth Conarta,,,226271,250304,626216,750327,,,Fiontar,,
262,WESTMEATH,An Iarmhí,WESTMEATH,,By,Bar,N,,239013,ATHLONE SOUTH,Baile Átha Luain Theas,,,202473,241241,602423,741266,,,Fiontar,,
263,WEXFORD,Loch Garman,WEXFORD,,By,Bar,N,,249001,BALLAGHKEEN NORTH,An Bealach Caoin Thuaidh,,,311840,142445,711766,642491,,,Fiontar,,
264,WEXFORD,Loch Garman,WEXFORD,,By,Bar,N,,249002,BALLAGHKEEN SOUTH,An Bealach Caoin Theas,,,305412,134597,705339,634645,,,Fiontar,,
265,WEXFORD,Loch Garman,WEXFORD,,By,Bar,N,,249003,BANTRY,Beanntraí,,,284775,132450,684707,632499,,,Fiontar,,
266,WEXFORD,Loch Garman,WEXFORD,,By,Bar,N,,249004,BARGY,Uí Bhairrche,,,292453,111088,692383,611141,,,Fiontar,,
267,WEXFORD,Loch Garman,WEXFORD,,By,Bar,N,,249005,FORTH,Fotharta,,,305294,113374,705221,613427,,,Fiontar,,
268,WEXFORD,Loch Garman,WEXFORD,,By,Bar,N,,249006,GOREY,Guaire,,,312252,161396,712178,661438,,,Fiontar,,
269,WEXFORD,Loch Garman,WEXFORD,,By,Bar,N,,249007,SCARAWALSH,Scairbh Bhailis,,,295716,149994,695646,650039,,,Fiontar,,
270,WEXFORD,Loch Garman,WEXFORD,,By,Bar,N,,249008,SHELBURNE,Síol Bhroin,,,275336,113376,675270,613429,,,Fiontar,,
271,WEXFORD,Loch Garman,WEXFORD,,By,Bar,N,,249009,SHELMALIERE EAST,Síol Maoluír Thoir,,,301433,127088,701361,627138,,,Fiontar,,
272,WEXFORD,Loch Garman,WEXFORD,,By,Bar,N,,249010,SHELMALIERE WEST,Síol Maoluír Thiar,,,290605,119902,690536,619953,,,Fiontar,,
273,WEXFORD,Loch Garman,WEXFORD,,By,Bar,N,,249011,IDA,Uí Dheá,,,271286,127664,671221,627714,,,Fiontar,,
274,WICKLOW,Cill Mhantáin,WICKLOW,,By,Bar,N,,259001,ARKLOW,An tInbhear Mór,,,322511,180225,722435,680263,,,Fiontar,,
275,WICKLOW,Cill Mhantáin,WICKLOW,,By,Bar,N,,259002,BALLINACOR NORTH,Baile na Corra Thuaidh,,,312671,201670,712597,701703,,,Fiontar,,
276,WICKLOW,Cill Mhantáin,WICKLOW,,By,Bar,N,,259003,BALLINACOR SOUTH,Baile na Corra Theas,,,307120,182564,707047,682602,,,Fiontar,,
277,WICKLOW,Cill Mhantáin,WICKLOW,,By,Bar,N,,259004,NEWCASTLE,,,,325112,199571,725035,699605,,,,,
278,WICKLOW,Cill Mhantáin,WICKLOW,,By,Bar,N,,259005,RATHDOWN,Ráth an Dúin,,,319559,215087,719484,715117,,,Fiontar,,
279,WICKLOW,Cill Mhantáin,WICKLOW,,By,Bar,N,,259006,SHILLELAGH,Síol Éalaigh,,,296893,168032,696822,668073,,,Fiontar,,
280,WICKLOW,Cill Mhantáin,WICKLOW,,By,Bar,N,,259007,TALBOTSTOWN LOWER,Baile an Talbóidigh Íochtarach,,,301104,207942,701033,707974,,,Fiontar,,
281,WICKLOW,Cill Mhantáin,WICKLOW,,By,Bar,N,,259008,TALBOTSTOWN UPPER,Baile an Talbóidigh Uachtarach,,,291963,191476,691894,691512,,,Fiontar,,
